id	rate	county_name
01001	10	Autauga County
01003	28	Baldwin County
01005	6	Barbour County
01007	4	Bibb County
01009	7	Blount County
01011	5	Bullock County
01013	8	Butler County
01015	12	Calhoun County
01017	9	Chambers County
01019	3	Cherokee County
01021	7	Chilton County
01023	3	Choctaw County
01025	5	Clarke County
01027	2	Clay County
01029	1	Cleburne County
01031	7	Coffee County
01033	9	Colbert County
01035	4	Conecuh County
01037	1	Coosa County
01039	8	Covington County
01041	3	Crenshaw County
01043	10	Cullman County
01045	7	Dale County
01047	13	Dallas County
01049	16	DeKalb County
01051	15	Elmore County
01053	9	Escambia County
01055	17	Etowah County
01057	2	Fayette County
01059	11	Franklin County
01061	2	Geneva County
01063	3	Greene County
01065	5	Hale County
01067	3	Henry County
01069	12	Houston County
01071	7	Jackson County
01073	105	Jefferson County
01075	2	Lamar County
01077	9	Lauderdale County
01079	3	Lawrence County
01081	24	Lee County
01083	11	Limestone County
01085	6	Lowndes County
01087	3	Macon County
01089	44	Madison County
01091	5	Marengo County
01093	5	Marion County
01095	28	Marshall County
01097	73	Mobile County
01099	5	Monroe County
01101	58	Montgomery County
01103	20	Morgan County
01105	5	Perry County
01107	4	Pickens County
01109	7	Pike County
01111	4	Randolph County
01113	11	Russell County
01115	11	St. Clair County
01117	28	Shelby County
01119	4	Sumter County
01121	9	Talladega County
01123	9	Tallapoosa County
01125	36	Tuscaloosa County
01127	14	Walker County
01129	3	Washington County
01131	4	Wilcox County
01133	4	Winston County
02013	1	Aleutians East Borough
02016	1	Aleutians West Census Area
02020	14	Municipality of Anchorage
02050	1	Bethel Census Area
02060	0	Bristol Bay Borough
02068	1	Denali Borough
02070	0	Dillingham Census Area
02090	4	Fairbanks North Star Borough
02100	1	Haines Borough
02105	1	Hoonah-Angoon Census Area
02110	1	City and Borough of Juneau
02122	3	Kenai Peninsula Borough
02130	1	Ketchikan Gateway Borough
02150	1	Kodiak Island Borough
02158	1	Kusilvak Census Area
02164	1	Lake and Peninsula Borough
02170	3	Matanuska-Susitna Borough
02180	1	Nome Census Area
02185	1	North Slope Borough
02188	1	Northwest Arctic Borough
02195	1	Petersburg Census Area
02198	1	Prince of Wales-Hyder Census Area
02220	1	Sitka City and Borough
02230	0	Skagway Municipality
02240	1	Southeast Fairbanks Census Area
02261	1	Valdez-Cordova Census Area
02270	0	Wade Hampton Census Area
02275	1	Wrangell City and Borough
02282	0	Yakutat City and Borough
02290	1	Yukon-Koyukuk Census Area
04001	30	Apache County
04003	14	Cochise County
04005	29	Coconino County
04007	8	Gila County
04009	4	Graham County
04011	1	Greenlee County
04012	5	La Paz County
04013	1087	Maricopa County
04015	27	Mohave County
04017	51	Navajo County
04019	150	Pima County
04021	75	Pinal County
04023	26	Santa Cruz County
04025	16	Yavapai County
04027	103	Yuma County
05001	2	Arkansas County
05003	2	Ashley County
05005	1	Baxter County
05007	43	Benton County
05009	2	Boone County
05011	2	Bradley County
05013	1	Calhoun County
05015	4	Carroll County
05017	4	Chicot County
05019	2	Clark County
05021	2	Clay County
05023	2	Cleburne County
05025	1	Cleveland County
05027	2	Columbia County
05029	2	Conway County
05031	10	Craighead County
05033	5	Crawford County
05035	11	Crittenden County
05037	2	Cross County
05039	1	Dallas County
05041	2	Desha County
05043	2	Drew County
05045	11	Faulkner County
05047	1	Franklin County
05049	1	Fulton County
05051	7	Garland County
05053	2	Grant County
05055	3	Greene County
05057	2	Hempstead County
05059	14	Hot Spring County
05061	3	Howard County
05063	3	Independence County
05065	1	Izard County
05067	1	Jackson County
05069	12	Jefferson County
05071	6	Johnson County
05073	1	Lafayette County
05075	2	Lawrence County
05077	9	Lee County
05079	12	Lincoln County
05081	1	Little River County
05083	2	Logan County
05085	4	Lonoke County
05087	3	Madison County
05089	1	Marion County
05091	5	Miller County
05093	6	Mississippi County
05095	1	Monroe County
05097	1	Montgomery County
05099	2	Nevada County
05101	1	Newton County
05103	1	Ouachita County
05105	1	Perry County
05107	3	Phillips County
05109	1	Pike County
05111	2	Poinsett County
05113	2	Polk County
05115	11	Pope County
05117	1	Prairie County
05119	44	Pulaski County
05121	2	Randolph County
05123	11	St. Francis County
05125	8	Saline County
05127	1	Scott County
05129	1	Searcy County
05131	15	Sebastian County
05133	9	Sevier County
05135	1	Sharp County
05137	1	Stone County
05139	4	Union County
05141	1	Van Buren County
05143	57	Washington County
05145	3	White County
05147	1	Woodruff County
05149	10	Yell County
06000	1	Grand Princess Cruise Ship
06001	104	Alameda County
06003	1	Alpine County
06005	1	Amador County
06007	8	Butte County
06009	1	Calaveras County
06011	3	Colusa County
06013	70	Contra Costa County
06015	1	Del Norte County
06017	6	El Dorado County
06019	126	Fresno County
06021	3	Glenn County
06023	3	Humboldt County
06025	91	Imperial County
06027	1	Inyo County
06029	146	Kern County
06031	39	Kings County
06033	2	Lake County
06035	1	Lassen County
06037	1740	Los Angeles County
06039	17	Madera County
06041	34	Marin County
06043	1	Mariposa County
06045	3	Mendocino County
06047	33	Merced County
06049	0	Modoc County
06051	2	Mono County
06053	39	Monterey County
06055	8	Napa County
06057	3	Nevada County
06059	344	Orange County
06061	17	Placer County
06063	1	Plumas County
06065	335	Riverside County
06067	90	Sacramento County
06069	6	San Benito County
06071	280	San Bernardino County
06073	270	San Diego County
06075	60	San Francisco County
06077	102	San Joaquin County
06079	15	San Luis Obispo County
06081	51	San Mateo County
06083	56	Santa Barbara County
06085	91	Santa Clara County
06087	10	Santa Cruz County
06089	4	Shasta County
06091	1	Sierra County
06093	1	Siskiyou County
06095	32	Solano County
06097	26	Sonoma County
06099	80	Stanislaus County
06101	7	Sutter County
06103	2	Tehama County
06105	1	Trinity County
06107	83	Tulare County
06109	2	Tuolumne County
06111	64	Ventura County
06113	14	Yolo County
06115	4	Yuba County
08001	56	Adams County
08003	3	Alamosa County
08005	66	Arapahoe County
08007	1	Archuleta County
08009	1	Baca County
08011	1	Bent County
08013	18	Boulder County
08014	4	Broomfield County and City
08015	3	Chaffee County
08017	1	Cheyenne County
08019	1	Clear Creek County
08021	1	Conejos County
08023	1	Costilla County
08025	1	Crowley County
08027	1	Custer County
08029	1	Delta County
08031	93	Denver County
08033	1	Dolores County
08035	16	Douglas County
08037	10	Eagle County
08039	1	Elbert County
08041	42	El Paso County
08043	1	Fremont County
08045	7	Garfield County
08047	1	Gilpin County
08049	1	Grand County
08051	3	Gunnison County
08053	1	Hinsdale County
08055	1	Huerfano County
08057	1	Jackson County
08059	37	Jefferson County
08061	0	Kiowa County
08063	1	Kit Carson County
08065	1	Lake County
08067	2	La Plata County
08069	13	Larimer County
08071	1	Las Animas County
08073	1	Lincoln County
08075	7	Logan County
08077	3	Mesa County
08079	1	Mineral County
08081	1	Moffat County
08083	2	Montezuma County
08085	3	Montrose County
08087	7	Morgan County
08089	1	Otero County
08091	1	Ouray County
08093	1	Park County
08095	1	Phillips County
08097	2	Pitkin County
08099	1	Prowers County
08101	6	Pueblo County
08103	1	Rio Blanco County
08105	1	Rio Grande County
08107	1	Routt County
08109	2	Saguache County
08111	1	San Juan County
08113	1	San Miguel County
08115	1	Sedgwick County
08117	4	Summit County
08119	1	Teller County
08121	1	Washington County
08123	35	Weld County
08125	1	Yuma County
09001	175	Fairfield County
09003	124	Hartford County
09005	16	Litchfield County
09007	14	Middlesex County
09009	129	New Haven County
09011	14	New London County
09013	10	Tolland County
09015	7	Windham County
10001	22	Kent County
10003	65	New Castle County
10005	56	Sussex County
11001	119	Washington
12001	32	Alachua County
12003	3	Baker County
12005	30	Bay County
12007	3	Bradford County
12009	50	Brevard County
12011	494	Broward County
12013	3	Calhoun County
12015	17	Charlotte County
12017	11	Citrus County
12019	26	Clay County
12021	88	Collier County
12023	22	Columbia County
12027	12	DeSoto County
12029	3	Dixie County
12031	198	Duval County
12033	71	Escambia County
12035	9	Flagler County
12037	1	Franklin County
12039	12	Gadsden County
12041	4	Gilchrist County
12043	4	Glades County
12045	3	Gulf County
12047	6	Hamilton County
12049	8	Hardee County
12051	16	Hendry County
12053	15	Hernando County
12055	11	Highlands County
12057	271	Hillsborough County
12059	4	Holmes County
12061	20	Indian River County
12063	13	Jackson County
12065	2	Jefferson County
12067	1	Lafayette County
12069	41	Lake County
12071	145	Lee County
12073	38	Leon County
12075	5	Levy County
12077	4	Liberty County
12079	6	Madison County
12081	79	Manatee County
12083	35	Marion County
12085	35	Martin County
12086	1048	Miami-Dade County
12087	12	Monroe County
12089	10	Nassau County
12091	24	Okaloosa County
12093	9	Okeechobee County
12095	270	Orange County
12097	77	Osceola County
12099	304	Palm Beach County
12101	59	Pasco County
12103	152	Pinellas County
12105	115	Polk County
12107	12	Putnam County
12109	30	St. Johns County
12111	45	St. Lucie County
12113	26	Santa Rosa County
12115	52	Sarasota County
12117	61	Seminole County
12119	10	Sumter County
12121	11	Suwannee County
12123	3	Taylor County
12125	3	Union County
12127	63	Volusia County
12129	6	Wakulla County
12131	11	Walton County
12133	5	Washington County
13001	5	Appling County
13003	3	Atkinson County
13005	4	Bacon County
13007	1	Baker County
13009	9	Baldwin County
13011	3	Banks County
13013	10	Barrow County
13015	14	Bartow County
13017	4	Ben Hill County
13019	3	Berrien County
13021	27	Bibb County
13023	2	Bleckley County
13025	2	Brantley County
13027	4	Brooks County
13029	5	Bryan County
13031	10	Bulloch County
13033	4	Burke County
13035	5	Butts County
13037	2	Calhoun County
13039	5	Camden County
13043	2	Candler County
13045	16	Carroll County
13047	5	Catoosa County
13049	3	Charlton County
13051	43	Chatham County
13053	6	Chattahoochee County
13055	2	Chattooga County
13057	25	Cherokee County
13059	15	Clarke County
13061	1	Clay County
13063	41	Clayton County
13065	2	Clinch County
13067	102	Cobb County
13069	12	Coffee County
13071	15	Colquitt County
13073	15	Columbia County
13075	4	Cook County
13077	12	Coweta County
13079	1	Crawford County
13081	4	Crisp County
13083	1	Dade County
13085	3	Dawson County
13087	6	Decatur County
13089	112	DeKalb County
13091	3	Dodge County
13093	3	Dooly County
13095	25	Dougherty County
13097	21	Douglas County
13099	4	Early County
13101	3	Echols County
13103	6	Effingham County
13105	3	Elbert County
13107	4	Emanuel County
13109	2	Evans County
13111	3	Fannin County
13113	9	Fayette County
13115	11	Floyd County
13117	17	Forsyth County
13119	4	Franklin County
13121	159	Fulton County
13123	5	Gilmer County
13125	1	Glascock County
13127	21	Glynn County
13129	9	Gordon County
13131	4	Grady County
13133	3	Greene County
13135	154	Gwinnett County
13137	10	Habersham County
13139	49	Hall County
13141	3	Hancock County
13143	2	Haralson County
13145	6	Harris County
13147	2	Hart County
13149	2	Heard County
13151	26	Henry County
13153	15	Houston County
13155	2	Irwin County
13157	8	Jackson County
13159	2	Jasper County
13161	3	Jeff Davis County
13163	4	Jefferson County
13165	3	Jenkins County
13167	3	Johnson County
13169	3	Jones County
13171	2	Lamar County
13173	3	Lanier County
13175	6	Laurens County
13177	5	Lee County
13179	5	Liberty County
13181	2	Lincoln County
13183	1	Long County
13185	27	Lowndes County
13187	3	Lumpkin County
13189	3	McDuffie County
13191	2	McIntosh County
13193	2	Macon County
13195	3	Madison County
13197	2	Marion County
13199	4	Meriwether County
13201	2	Miller County
13205	6	Mitchell County
13207	4	Monroe County
13209	2	Montgomery County
13211	2	Morgan County
13213	5	Murray County
13215	39	Muscogee County
13217	14	Newton County
13219	4	Oconee County
13221	2	Oglethorpe County
13223	13	Paulding County
13225	3	Peach County
13227	3	Pickens County
13229	4	Pierce County
13231	2	Pike County
13233	6	Polk County
13235	1	Pulaski County
13237	4	Putnam County
13239	1	Quitman County
13241	2	Rabun County
13243	3	Randolph County
13245	29	Richmond County
13247	10	Rockdale County
13249	1	Schley County
13251	2	Screven County
13253	1	Seminole County
13255	8	Spalding County
13257	5	Stephens County
13259	3	Stewart County
13261	7	Sumter County
13263	2	Talbot County
13265	1	Taliaferro County
13267	4	Tattnall County
13269	1	Taylor County
13271	3	Telfair County
13273	3	Terrell County
13275	9	Thomas County
13277	12	Tift County
13279	6	Toombs County
13281	1	Towns County
13283	1	Treutlen County
13285	21	Troup County
13287	3	Turner County
13289	1	Twiggs County
13291	2	Union County
13293	5	Upson County
13295	5	Walker County
13297	8	Walton County
13299	10	Ware County
13301	1	Warren County
13303	4	Washington County
13305	6	Wayne County
13307	1	Webster County
13309	1	Wheeler County
13311	3	White County
13313	27	Whitfield County
13315	2	Wilcox County
13317	2	Wilkes County
13319	2	Wilkinson County
13321	4	Worth County
15001	2	Hawaii County
15003	14	Honolulu County
15005	0	Kalawao County
15007	1	Kauai County
15009	2	Maui County
16001	71	Ada County
16003	1	Adams County
16005	3	Bannock County
16007	1	Bear Lake County
16009	1	Benewah County
16011	2	Bingham County
16013	6	Blaine County
16015	1	Boise County
16017	2	Bonner County
16019	6	Bonneville County
16021	1	Boundary County
16023	0	Butte County
16025	1	Camas County
16027	42	Canyon County
16029	1	Caribou County
16031	5	Cassia County
16033	0	Clark County
16035	1	Clearwater County
16037	1	Custer County
16039	2	Elmore County
16041	1	Franklin County
16043	1	Fremont County
16045	2	Gem County
16047	2	Gooding County
16049	1	Idaho County
16051	1	Jefferson County
16053	4	Jerome County
16055	14	Kootenai County
16057	1	Latah County
16059	1	Lemhi County
16061	0	Lewis County
16063	1	Lincoln County
16065	2	Madison County
16067	4	Minidoka County
16069	2	Nez Perce County
16071	1	Oneida County
16073	2	Owyhee County
16075	3	Payette County
16077	1	Power County
16079	1	Shoshone County
16081	1	Teton County
16083	11	Twin Falls County
16085	1	Valley County
16087	2	Washington County
17001	4	Adams County
17003	1	Alexander County
17005	1	Bond County
17007	7	Boone County
17009	1	Brown County
17011	1	Bureau County
17013	1	Calhoun County
17015	1	Carroll County
17017	2	Cass County
17019	14	Champaign County
17021	1	Christian County
17023	1	Clark County
17025	1	Clay County
17027	3	Clinton County
17029	3	Coles County
17031	1026	Cook County
17033	1	Crawford County
17035	1	Cumberland County
17037	8	DeKalb County
17039	1	De Witt County
17041	1	Douglas County
17043	109	DuPage County
17045	1	Edgar County
17047	1	Edwards County
17049	1	Effingham County
17051	1	Fayette County
17053	1	Ford County
17055	2	Franklin County
17057	1	Fulton County
17059	1	Gallatin County
17061	1	Greene County
17063	3	Grundy County
17065	1	Hamilton County
17067	1	Hancock County
17069	1	Hardin County
17071	1	Henderson County
17073	2	Henry County
17075	3	Iroquois County
17077	6	Jackson County
17079	1	Jasper County
17081	2	Jefferson County
17083	1	Jersey County
17085	1	Jo Daviess County
17087	1	Johnson County
17089	88	Kane County
17091	16	Kankakee County
17093	13	Kendall County
17095	3	Knox County
17097	115	Lake County
17099	5	LaSalle County
17101	1	Lawrence County
17103	2	Lee County
17105	1	Livingston County
17107	1	Logan County
17109	2	McDonough County
17111	27	McHenry County
17113	5	McLean County
17115	4	Macon County
17117	2	Macoupin County
17119	19	Madison County
17121	2	Marion County
17123	1	Marshall County
17125	1	Mason County
17127	1	Massac County
17129	1	Menard County
17131	1	Mercer County
17133	3	Monroe County
17135	2	Montgomery County
17137	2	Morgan County
17139	1	Moultrie County
17141	4	Ogle County
17143	11	Peoria County
17145	1	Perry County
17147	1	Piatt County
17149	1	Pike County
17151	1	Pope County
17153	1	Pulaski County
17155	1	Putnam County
17157	5	Randolph County
17159	1	Richland County
17161	15	Rock Island County
17163	32	St. Clair County
17165	1	Saline County
17167	8	Sangamon County
17169	1	Schuyler County
17171	1	Scott County
17173	1	Shelby County
17175	1	Stark County
17177	4	Stephenson County
17179	3	Tazewell County
17181	3	Union County
17183	2	Vermilion County
17185	1	Wabash County
17187	2	Warren County
17189	1	Washington County
17191	1	Wayne County
17193	1	White County
17195	3	Whiteside County
17197	82	Will County
17199	3	Williamson County
17201	36	Winnebago County
17203	1	Woodford County
18001	1	Adams County
18003	34	Allen County
18005	7	Bartholomew County
18007	1	Benton County
18009	1	Blackford County
18011	6	Boone County
18013	1	Brown County
18015	2	Carroll County
18017	18	Cass County
18019	10	Clark County
18021	1	Clay County
18023	4	Clinton County
18025	1	Crawford County
18027	3	Daviess County
18029	4	Dearborn County
18031	3	Decatur County
18033	2	DeKalb County
18035	6	Delaware County
18037	6	Dubois County
18039	44	Elkhart County
18041	2	Fayette County
18043	6	Floyd County
18045	1	Fountain County
18047	2	Franklin County
18049	2	Fulton County
18051	2	Gibson County
18053	5	Grant County
18055	3	Greene County
18057	23	Hamilton County
18059	6	Hancock County
18061	3	Harrison County
18063	17	Hendricks County
18065	4	Henry County
18067	8	Howard County
18069	2	Huntington County
18071	6	Jackson County
18073	2	Jasper County
18075	1	Jay County
18077	2	Jefferson County
18079	2	Jennings County
18081	16	Johnson County
18083	2	Knox County
18085	8	Kosciusko County
18087	6	LaGrange County
18089	67	Lake County
18091	8	LaPorte County
18093	3	Lawrence County
18095	8	Madison County
18097	137	Marion County
18099	8	Marshall County
18101	1	Martin County
18103	3	Miami County
18105	6	Monroe County
18107	4	Montgomery County
18109	4	Morgan County
18111	2	Newton County
18113	6	Noble County
18115	1	Ohio County
18117	2	Orange County
18119	1	Owen County
18121	1	Parke County
18123	2	Perry County
18125	1	Pike County
18127	11	Porter County
18129	2	Posey County
18131	1	Pulaski County
18133	3	Putnam County
18135	1	Randolph County
18137	2	Ripley County
18139	1	Rush County
18141	29	St. Joseph County
18143	3	Scott County
18145	5	Shelby County
18147	2	Spencer County
18149	2	Starke County
18151	2	Steuben County
18153	1	Sullivan County
18155	1	Switzerland County
18157	10	Tippecanoe County
18159	1	Tipton County
18161	1	Union County
18163	15	Vanderburgh County
18165	1	Vermillion County
18167	4	Vigo County
18169	2	Wabash County
18171	1	Warren County
18173	5	Warrick County
18175	1	Washington County
18177	3	Wayne County
18179	2	Wells County
18181	4	White County
18183	2	Whitley County
19001	1	Adair County
19003	1	Adams County
19005	2	Allamakee County
19007	1	Appanoose County
19009	1	Audubon County
19011	2	Benton County
19013	29	Black Hawk County
19015	3	Boone County
19017	2	Bremer County
19019	1	Buchanan County
19021	18	Buena Vista County
19023	1	Butler County
19025	1	Calhoun County
19027	2	Carroll County
19029	1	Cass County
19031	2	Cedar County
19033	6	Cerro Gordo County
19035	1	Cherokee County
19037	1	Chickasaw County
19039	2	Clarke County
19041	2	Clay County
19043	1	Clayton County
19045	3	Clinton County
19047	7	Crawford County
19049	17	Dallas County
19051	1	Davis County
19053	1	Decatur County
19055	1	Delaware County
19057	2	Des Moines County
19059	4	Dickinson County
19061	14	Dubuque County
19063	2	Emmet County
19065	1	Fayette County
19067	1	Floyd County
19069	2	Franklin County
19071	1	Fremont County
19073	1	Greene County
19075	1	Grundy County
19077	2	Guthrie County
19079	3	Hamilton County
19081	2	Hancock County
19083	2	Hardin County
19085	1	Harrison County
19087	2	Henry County
19089	1	Howard County
19091	1	Humboldt County
19093	1	Ida County
19095	1	Iowa County
19097	2	Jackson County
19099	5	Jasper County
19101	1	Jefferson County
19103	18	Johnson County
19105	2	Jones County
19107	1	Keokuk County
19109	1	Kossuth County
19111	1	Lee County
19113	19	Linn County
19115	4	Louisa County
19117	1	Lucas County
19119	1	Lyon County
19121	1	Madison County
19123	2	Mahaska County
19125	2	Marion County
19127	13	Marshall County
19129	1	Mills County
19131	1	Mitchell County
19133	1	Monona County
19135	1	Monroe County
19137	1	Montgomery County
19139	8	Muscatine County
19141	2	"O'Brien County"
19143	1	Osceola County
19145	1	Page County
19147	1	Palo Alto County
19149	5	Plymouth County
19151	2	Pocahontas County
19153	91	Polk County
19155	11	Pottawattamie County
19157	2	Poweshiek County
19159	1	Ringgold County
19161	1	Sac County
19163	15	Scott County
19165	2	Shelby County
19167	6	Sioux County
19169	11	Story County
19171	6	Tama County
19173	1	Taylor County
19175	1	Union County
19177	1	Van Buren County
19179	8	Wapello County
19181	5	Warren County
19183	3	Washington County
19185	1	Wayne County
19187	6	Webster County
19189	1	Winnebago County
19191	1	Winneshiek County
19193	36	Woodbury County
19195	1	Worth County
19197	5	Wright County
20001	1	Allen County
20003	1	Anderson County
20005	1	Atchison County
20007	1	Barber County
20009	1	Barton County
20011	1	Bourbon County
20013	1	Brown County
20015	2	Butler County
20017	1	Chase County
20019	1	Chautauqua County
20021	1	Cherokee County
20023	1	Cheyenne County
20025	1	Clark County
20027	1	Clay County
20029	1	Cloud County
20031	1	Coffey County
20033	1	Comanche County
20035	2	Cowley County
20037	4	Crawford County
20039	1	Decatur County
20041	1	Dickinson County
20043	1	Doniphan County
20045	6	Douglas County
20047	1	Edwards County
20049	1	Elk County
20051	2	Ellis County
20053	1	Ellsworth County
20055	17	Finney County
20057	21	Ford County
20059	2	Franklin County
20061	2	Geary County
20063	1	Gove County
20065	1	Graham County
20067	1	Grant County
20069	1	Gray County
20071	1	Greeley County
20073	1	Greenwood County
20075	1	Hamilton County
20077	1	Harper County
20079	2	Harvey County
20081	1	Haskell County
20083	1	Hodgeman County
20085	2	Jackson County
20087	1	Jefferson County
20089	1	Jewell County
20091	45	Johnson County
20093	1	Kearny County
20095	1	Kingman County
20097	1	Kiowa County
20099	2	Labette County
20101	1	Lane County
20103	14	Leavenworth County
20105	1	Lincoln County
20107	1	Linn County
20109	1	Logan County
20111	6	Lyon County
20113	2	McPherson County
20115	1	Marion County
20117	1	Marshall County
20119	1	Meade County
20121	1	Miami County
20123	1	Mitchell County
20125	2	Montgomery County
20127	1	Morris County
20129	1	Morton County
20131	1	Nemaha County
20133	1	Neosho County
20135	1	Ness County
20137	1	Norton County
20139	1	Osage County
20141	1	Osborne County
20143	1	Ottawa County
20145	1	Pawnee County
20147	1	Phillips County
20149	2	Pottawatomie County
20151	1	Pratt County
20153	0	Rawlins County
20155	2	Reno County
20157	1	Republic County
20159	1	Rice County
20161	5	Riley County
20163	1	Rooks County
20165	1	Rush County
20167	1	Russell County
20169	3	Saline County
20171	1	Scott County
20173	37	Sedgwick County
20175	12	Seward County
20177	13	Shawnee County
20179	1	Sheridan County
20181	1	Sherman County
20183	1	Smith County
20185	1	Stafford County
20187	1	Stanton County
20189	1	Stevens County
20191	1	Sumner County
20193	1	Thomas County
20195	1	Trego County
20197	1	Wabaunsee County
20199	0	Wallace County
20201	1	Washington County
20203	1	Wichita County
20205	1	Wilson County
20207	1	Woodson County
20209	42	Wyandotte County
21001	2	Adair County
21003	3	Allen County
21005	1	Anderson County
21007	1	Ballard County
21009	3	Barren County
21011	1	Bath County
21013	3	Bell County
21015	10	Boone County
21017	1	Bourbon County
21019	2	Boyd County
21021	2	Boyle County
21023	1	Bracken County
21025	1	Breathitt County
21027	1	Breckinridge County
21029	3	Bullitt County
21031	3	Butler County
21033	1	Caldwell County
21035	2	Calloway County
21037	5	Campbell County
21039	1	Carlisle County
21041	2	Carroll County
21043	1	Carter County
21045	2	Casey County
21047	5	Christian County
21049	2	Clark County
21051	2	Clay County
21053	1	Clinton County
21055	1	Crittenden County
21057	1	Cumberland County
21059	7	Daviess County
21061	1	Edmonson County
21063	1	Elliott County
21065	1	Estill County
21067	24	Fayette County
21069	1	Fleming County
21071	1	Floyd County
21073	3	Franklin County
21075	1	Fulton County
21077	1	Gallatin County
21079	1	Garrard County
21081	1	Grant County
21083	5	Graves County
21085	2	Grayson County
21087	1	Green County
21089	1	Greenup County
21091	1	Hancock County
21093	5	Hardin County
21095	2	Harlan County
21097	2	Harrison County
21099	1	Hart County
21101	3	Henderson County
21103	1	Henry County
21105	1	Hickman County
21107	4	Hopkins County
21109	2	Jackson County
21111	62	Jefferson County
21113	3	Jessamine County
21115	1	Johnson County
21117	12	Kenton County
21119	1	Knott County
21121	2	Knox County
21123	1	Larue County
21125	4	Laurel County
21127	1	Lawrence County
21129	1	Lee County
21131	1	Leslie County
21133	1	Letcher County
21135	1	Lewis County
21137	1	Lincoln County
21139	1	Livingston County
21141	3	Logan County
21143	1	Lyon County
21145	3	McCracken County
21147	1	McCreary County
21149	1	McLean County
21151	4	Madison County
21153	1	Magoffin County
21155	1	Marion County
21157	2	Marshall County
21159	1	Martin County
21161	1	Mason County
21163	1	Meade County
21165	1	Menifee County
21167	1	Mercer County
21169	1	Metcalfe County
21171	1	Monroe County
21173	1	Montgomery County
21175	1	Morgan County
21177	6	Muhlenberg County
21179	2	Nelson County
21181	1	Nicholas County
21183	4	Ohio County
21185	5	Oldham County
21187	1	Owen County
21189	1	Owsley County
21191	1	Pendleton County
21193	2	Perry County
21195	2	Pike County
21197	1	Powell County
21199	2	Pulaski County
21201	1	Robertson County
21203	1	Rockcastle County
21205	1	Rowan County
21207	1	Russell County
21209	3	Scott County
21211	7	Shelby County
21213	2	Simpson County
21215	1	Spencer County
21217	1	Taylor County
21219	1	Todd County
21221	1	Trigg County
21223	1	Trimble County
21225	1	Union County
21227	23	Warren County
21229	1	Washington County
21231	1	Wayne County
21233	1	Webster County
21235	1	Whitley County
21237	1	Wolfe County
21239	2	Woodford County
22001	22	Acadia Parish
22003	10	Allen Parish
22005	23	Ascension Parish
22007	5	Assumption Parish
22009	9	Avoyelles Parish
22011	7	Beauregard Parish
22013	4	Bienville Parish
22015	19	Bossier Parish
22017	57	Caddo Parish
22019	55	Calcasieu Parish
22021	2	Caldwell Parish
22023	2	Cameron Parish
22025	3	Catahoula Parish
22027	2	Claiborne Parish
22029	3	Concordia Parish
22031	6	De Soto Parish
22033	97	East Baton Rouge Parish
22035	5	East Carroll Parish
22037	5	East Feliciana Parish
22039	7	Evangeline Parish
22041	8	Franklin Parish
22043	3	Grant Parish
22045	21	Iberia Parish
22047	11	Iberville Parish
22049	4	Jackson Parish
22051	135	Jefferson Parish
22053	10	Jefferson Davis Parish
22055	58	Lafayette Parish
22057	24	Lafourche Parish
22059	2	La Salle Parish
22061	7	Lincoln Parish
22063	23	Livingston Parish
22065	6	Madison Parish
22067	4	Morehouse Parish
22069	6	Natchitoches Parish
22071	99	Orleans Parish
22073	42	Ouachita Parish
22075	4	Plaquemines Parish
22077	7	Pointe Coupee Parish
22079	27	Rapides Parish
22081	2	Red River Parish
22083	5	Richland Parish
22085	5	Sabine Parish
22087	10	St. Bernard Parish
22089	13	St. Charles Parish
22091	3	St. Helena Parish
22093	6	St. James Parish
22095	13	St. John the Baptist Parish
22097	19	St. Landry Parish
22099	14	St. Martin Parish
22101	13	St. Mary Parish
22103	43	St. Tammany Parish
22105	28	Tangipahoa Parish
22107	1	Tensas Parish
22109	25	Terrebonne Parish
22111	6	Union Parish
22113	11	Vermilion Parish
22115	6	Vernon Parish
22117	11	Washington Parish
22119	8	Webster Parish
22121	6	West Baton Rouge Parish
22123	3	West Carroll Parish
22125	4	West Feliciana Parish
22127	4	Winn Parish
23001	6	Androscoggin County
23003	1	Aroostook County
23005	21	Cumberland County
23007	1	Franklin County
23009	1	Hancock County
23011	2	Kennebec County
23013	1	Knox County
23015	1	Lincoln County
23017	1	Oxford County
23019	2	Penobscot County
23021	1	Piscataquis County
23023	1	Sagadahoc County
23025	1	Somerset County
23027	1	Waldo County
23029	1	Washington County
23031	7	York County
24001	3	Allegany County
24003	65	Anne Arundel County
24005	112	Baltimore County
24009	6	Calvert County
24011	5	Caroline County
24013	14	Carroll County
24015	7	Cecil County
24017	18	Charles County
24019	4	Dorchester County
24021	30	Frederick County
24023	1	Garrett County
24025	17	Harford County
24027	34	Howard County
24029	3	Kent County
24031	172	Montgomery County
24033	218	"Prince George's County"
24035	4	"Queen Anne's County"
24037	9	"St. Mary's County"
24039	2	Somerset County
24041	4	Talbot County
24043	9	Washington County
24045	13	Wicomico County
24047	6	Worcester County
24510	106	Baltimore City
25001	17	Barnstable County
25003	7	Berkshire County
25005	89	Bristol County
25007	1	Dukes County
25009	170	Essex County
25011	4	Franklin County
25013	73	Hampden County
25015	11	Hampshire County
25017	254	Middlesex County
25019	1	Nantucket County
25021	100	Norfolk County
25023	90	Plymouth County
25025	209	Suffolk County
25027	131	Worcester County
26001	1	Alcona County
26003	1	Alger County
26005	5	Allegan County
26007	2	Alpena County
26009	1	Antrim County
26011	1	Arenac County
26013	1	Baraga County
26015	2	Barry County
26017	6	Bay County
26019	1	Benzie County
26021	13	Berrien County
26023	4	Branch County
26025	7	Calhoun County
26027	3	Cass County
26029	1	Charlevoix County
26031	1	Cheboygan County
26033	1	Chippewa County
26035	1	Clare County
26037	4	Clinton County
26039	1	Crawford County
26041	1	Delta County
26043	1	Dickinson County
26045	5	Eaton County
26047	1	Emmet County
26049	34	Genesee County
26051	1	Gladwin County
26053	1	Gogebic County
26055	2	Grand Traverse County
26057	2	Gratiot County
26059	3	Hillsdale County
26061	1	Houghton County
26063	2	Huron County
26065	14	Ingham County
26067	3	Ionia County
26069	2	Iosco County
26071	1	Iron County
26073	2	Isabella County
26075	7	Jackson County
26077	15	Kalamazoo County
26079	1	Kalkaska County
26081	68	Kent County
26083	1	Keweenaw County
26085	1	Lake County
26087	4	Lapeer County
26089	1	Leelanau County
26091	4	Lenawee County
26093	8	Livingston County
26095	1	Luce County
26097	1	Mackinac County
26099	89	Macomb County
26101	1	Manistee County
26103	2	Marquette County
26105	1	Mason County
26107	1	Mecosta County
26109	1	Menominee County
26111	3	Midland County
26113	1	Missaukee County
26115	8	Monroe County
26117	2	Montcalm County
26119	1	Montmorency County
26121	11	Muskegon County
26123	3	Newaygo County
26125	141	Oakland County
26127	5	Oceana County
26129	1	Ogemaw County
26131	1	Ontonagon County
26133	1	Osceola County
26135	1	Oscoda County
26137	2	Otsego County
26139	16	Ottawa County
26141	1	Presque Isle County
26143	1	Roscommon County
26145	18	Saginaw County
26147	8	St. Clair County
26149	6	St. Joseph County
26151	1	Sanilac County
26153	1	Schoolcraft County
26155	4	Shiawassee County
26157	3	Tuscola County
26159	4	Van Buren County
26161	23	Washtenaw County
26163	261	Wayne County
26165	1	Wexford County
27001	1	Aitkin County
27003	31	Anoka County
27005	2	Becker County
27007	2	Beltrami County
27009	3	Benton County
27011	1	Big Stone County
27013	8	Blue Earth County
27015	1	Brown County
27017	2	Carlton County
27019	7	Carver County
27021	1	Cass County
27023	1	Chippewa County
27025	2	Chisago County
27027	8	Clay County
27029	1	Clearwater County
27031	1	Cook County
27033	2	Cottonwood County
27035	2	Crow Wing County
27037	35	Dakota County
27039	2	Dodge County
27041	2	Douglas County
27043	1	Faribault County
27045	1	Fillmore County
27047	4	Freeborn County
27049	2	Goodhue County
27051	1	Grant County
27053	164	Hennepin County
27055	1	Houston County
27057	1	Hubbard County
27059	2	Isanti County
27061	2	Itasca County
27063	1	Jackson County
27065	1	Kanabec County
27067	7	Kandiyohi County
27069	1	Kittson County
27071	1	Koochiching County
27073	1	Lac Qui Parle County
27075	1	Lake County
27077	1	Lake of the Woods County
27079	2	Le Sueur County
27081	1	Lincoln County
27083	5	Lyon County
27085	2	McLeod County
27087	1	Mahnomen County
27089	1	Marshall County
27091	2	Martin County
27093	1	Meeker County
27095	1	Mille Lacs County
27097	1	Morrison County
27099	11	Mower County
27101	2	Murray County
27103	3	Nicollet County
27105	18	Nobles County
27107	1	Norman County
27109	16	Olmsted County
27111	2	Otter Tail County
27113	1	Pennington County
27115	2	Pine County
27117	2	Pipestone County
27119	2	Polk County
27121	1	Pope County
27123	63	Ramsey County
27125	1	Red Lake County
27127	1	Redwood County
27129	1	Renville County
27131	10	Rice County
27133	1	Rock County
27135	1	Roseau County
27137	4	St. Louis County
27139	12	Scott County
27141	6	Sherburne County
27143	1	Sibley County
27145	28	Stearns County
27147	4	Steele County
27149	1	Stevens County
27151	1	Swift County
27153	5	Todd County
27155	1	Traverse County
27157	1	Wabasha County
27159	1	Wadena County
27161	2	Waseca County
27163	17	Washington County
27165	3	Watonwan County
27167	1	Wilkin County
27169	3	Winona County
27171	8	Wright County
27173	1	Yellow Medicine County
28001	6	Adams County
28003	3	Alcorn County
28005	2	Amite County
28007	5	Attala County
28009	1	Benton County
28011	8	Bolivar County
28013	4	Calhoun County
28015	3	Carroll County
28017	4	Chickasaw County
28019	2	Choctaw County
28021	4	Claiborne County
28023	3	Clarke County
28025	4	Clay County
28027	6	Coahoma County
28029	9	Copiah County
28031	6	Covington County
28033	29	DeSoto County
28035	15	Forrest County
28037	1	Franklin County
28039	3	George County
28041	2	Greene County
28043	8	Grenada County
28045	3	Hancock County
28047	19	Harrison County
28049	46	Hinds County
28051	8	Holmes County
28053	3	Humphreys County
28055	1	Issaquena County
28057	3	Itawamba County
28059	16	Jackson County
28061	4	Jasper County
28063	2	Jefferson County
28065	2	Jefferson Davis County
28067	16	Jones County
28069	3	Kemper County
28071	8	Lafayette County
28073	10	Lamar County
28075	13	Lauderdale County
28077	3	Lawrence County
28079	8	Leake County
28081	11	Lee County
28083	8	Leflore County
28085	7	Lincoln County
28087	9	Lowndes County
28089	21	Madison County
28091	6	Marion County
28093	5	Marshall County
28095	6	Monroe County
28097	3	Montgomery County
28099	12	Neshoba County
28101	5	Newton County
28103	4	Noxubee County
28105	9	Oktibbeha County
28107	8	Panola County
28109	5	Pearl River County
28111	2	Perry County
28113	8	Pike County
28115	7	Pontotoc County
28117	3	Prentiss County
28119	2	Quitman County
28121	19	Rankin County
28123	10	Scott County
28125	2	Sharkey County
28127	7	Simpson County
28129	4	Smith County
28131	2	Stone County
28133	8	Sunflower County
28135	4	Tallahatchie County
28137	6	Tate County
28139	3	Tippah County
28141	3	Tishomingo County
28143	2	Tunica County
28145	5	Union County
28147	4	Walthall County
28149	9	Warren County
28151	13	Washington County
28153	7	Wayne County
28155	2	Webster County
28157	2	Wilkinson County
28159	5	Winston County
28161	3	Yalobusha County
28163	7	Yazoo County
29001	2	Adair County
29003	1	Andrew County
29005	1	Atchison County
29007	2	Audrain County
29009	2	Barry County
29011	1	Barton County
29013	1	Bates County
29015	1	Benton County
29017	1	Bollinger County
29019	10	Boone County
29021	11	Buchanan County
29023	2	Butler County
29025	1	Caldwell County
29027	1	Callaway County
29029	3	Camden County
29031	6	Cape Girardeau County
29033	1	Carroll County
29035	1	Carter County
29037	5	Cass County
29039	1	Cedar County
29041	1	Chariton County
29043	2	Christian County
29045	1	Clark County
29047	8	Clay County
29049	1	Clinton County
29051	3	Cole County
29053	1	Cooper County
29055	1	Crawford County
29057	1	Dade County
29059	1	Dallas County
29061	1	Daviess County
29063	1	DeKalb County
29065	1	Dent County
29067	1	Douglas County
29069	2	Dunklin County
29071	5	Franklin County
29073	1	Gasconade County
29075	1	Gentry County
29077	9	Greene County
29079	1	Grundy County
29081	1	Harrison County
29083	1	Henry County
29085	1	Hickory County
29087	1	Holt County
29089	1	Howard County
29091	1	Howell County
29093	1	Iron County
29095	73	Jackson County (including other portions of Kansas City)
29097	16	Jasper County
29099	10	Jefferson County
29101	5	Johnson County
29103	1	Knox County
29105	2	Laclede County
29107	2	Lafayette County
29109	2	Lawrence County
29111	1	Lewis County
29113	3	Lincoln County
29115	1	Linn County
29117	1	Livingston County
29119	9	McDonald County
29121	1	Macon County
29123	1	Madison County
29125	1	Maries County
29127	1	Marion County
29129	1	Mercer County
29131	1	Miller County
29133	2	Mississippi County
29135	1	Moniteau County
29137	1	Monroe County
29139	1	Montgomery County
29141	1	Morgan County
29143	2	New Madrid County
29145	8	Newton County
29147	1	Nodaway County
29149	1	Oregon County
29151	1	Osage County
29153	1	Ozark County
29155	2	Pemiscot County
29157	2	Perry County
29159	3	Pettis County
29161	1	Phelps County
29163	1	Pike County
29165	3	Platte County
29167	2	Polk County
29169	2	Pulaski County
29171	1	Putnam County
29173	1	Ralls County
29175	1	Randolph County
29177	1	Ray County
29179	1	Reynolds County
29181	1	Ripley County
29183	27	St. Charles County
29185	1	St. Clair County
29186	1	Ste. Genevieve County
29187	3	St. Francois County
29189	110	St. Louis County
29195	4	Saline County
29197	1	Schuyler County
29199	1	Scotland County
29201	3	Scott County
29203	1	Shannon County
29205	1	Shelby County
29207	2	Stoddard County
29209	1	Stone County
29211	2	Sullivan County
29213	3	Taney County
29215	1	Texas County
29217	1	Vernon County
29219	2	Warren County
29221	1	Washington County
29223	1	Wayne County
29225	1	Webster County
29227	1	Worth County
29229	1	Wright County
29510	39	City of St. Louis
30001	1	Beaverhead County
30003	3	Big Horn County
30005	1	Blaine County
30007	1	Broadwater County
30009	1	Carbon County
30011	0	Carter County
30013	2	Cascade County
30015	1	Chouteau County
30017	1	Custer County
30019	1	Daniels County
30021	1	Dawson County
30023	1	Deer Lodge County
30025	1	Fallon County
30027	1	Fergus County
30029	2	Flathead County
30031	8	Gallatin County
30033	1	Garfield County
30035	1	Glacier County
30037	1	Golden Valley County
30039	1	Granite County
30041	1	Hill County
30043	1	Jefferson County
30045	1	Judith Basin County
30047	2	Lake County
30049	2	Lewis and Clark County
30051	1	Liberty County
30053	1	Lincoln County
30055	1	McCone County
30057	1	Madison County
30059	1	Meagher County
30061	0	Mineral County
30063	3	Missoula County
30065	1	Musselshell County
30067	1	Park County
30069	0	Petroleum County
30071	0	Phillips County
30073	1	Pondera County
30075	1	Powder River County
30077	0	Powell County
30079	0	Prairie County
30081	1	Ravalli County
30083	1	Richland County
30085	1	Roosevelt County
30087	1	Rosebud County
30089	1	Sanders County
30091	1	Sheridan County
30093	1	Silver Bow County
30095	1	Stillwater County
30097	1	Sweet Grass County
30099	1	Teton County
30101	1	Toole County
30103	1	Treasure County
30105	1	Valley County
30107	1	Wheatland County
30109	1	Wibaux County
30111	9	Yellowstone County
31001	4	Adams County
31003	1	Antelope County
31005	0	Arthur County
31007	1	Banner County
31009	0	Blaine County
31011	1	Boone County
31013	1	Box Butte County
31015	1	Boyd County
31017	0	Brown County
31019	3	Buffalo County
31021	1	Burt County
31023	1	Butler County
31025	2	Cass County
31027	1	Cedar County
31029	1	Chase County
31031	1	Cherry County
31033	1	Cheyenne County
31035	1	Clay County
31037	7	Colfax County
31039	1	Cuming County
31041	1	Custer County
31043	19	Dakota County
31045	1	Dawes County
31047	10	Dawson County
31049	1	Deuel County
31051	1	Dixon County
31053	8	Dodge County
31055	96	Douglas County
31057	0	Dundy County
31059	1	Fillmore County
31061	1	Franklin County
31063	1	Frontier County
31065	1	Furnas County
31067	1	Gage County
31069	1	Garden County
31071	1	Garfield County
31073	1	Gosper County
31075	0	Grant County
31077	1	Greeley County
31079	17	Hall County
31081	1	Hamilton County
31083	1	Harlan County
31085	0	Hayes County
31087	1	Hitchcock County
31089	1	Holt County
31091	1	Hooker County
31093	1	Howard County
31095	1	Jefferson County
31097	1	Johnson County
31099	1	Kearney County
31101	1	Keith County
31103	0	Keya Paha County
31105	1	Kimball County
31107	1	Knox County
31109	28	Lancaster County
31111	1	Lincoln County
31113	0	Logan County
31115	0	Loup County
31117	1	McPherson County
31119	5	Madison County
31121	1	Merrick County
31123	1	Morrill County
31125	1	Nance County
31127	1	Nemaha County
31129	1	Nuckolls County
31131	1	Otoe County
31133	1	Pawnee County
31135	1	Perkins County
31137	1	Phelps County
31139	1	Pierce County
31141	8	Platte County
31143	1	Polk County
31145	1	Red Willow County
31147	1	Richardson County
31149	1	Rock County
31151	6	Saline County
31153	18	Sarpy County
31155	2	Saunders County
31157	3	Scotts Bluff County
31159	1	Seward County
31161	1	Sheridan County
31163	1	Sherman County
31165	1	Sioux County
31167	1	Stanton County
31169	1	Thayer County
31171	1	Thomas County
31173	2	Thurston County
31175	1	Valley County
31177	1	Washington County
31179	1	Wayne County
31181	1	Webster County
31183	1	Wheeler County
31185	1	York County
32001	1	Churchill County
32003	366	Clark County
32005	2	Douglas County
32007	5	Elko County
32009	0	Esmeralda County
32011	1	Eureka County
32013	1	Humboldt County
32015	1	Lander County
32017	1	Lincoln County
32019	2	Lyon County
32021	1	Mineral County
32023	3	Nye County
32027	1	Pershing County
32029	1	Storey County
32031	48	Washoe County
32033	1	White Pine County
32510	3	Carson City
33001	2	Belknap County
33003	1	Carroll County
33005	1	Cheshire County
33007	1	Coos County
33009	2	Grafton County
33011	37	Hillsborough County
33013	5	Merrimack County
33015	16	Rockingham County
33017	4	Strafford County
33019	1	Sullivan County
34001	33	Atlantic County
34003	203	Bergen County
34005	56	Burlington County
34007	81	Camden County
34009	8	Cape May County
34011	32	Cumberland County
34013	194	Essex County
34015	30	Gloucester County
34017	194	Hudson County
34019	12	Hunterdon County
34021	80	Mercer County
34023	176	Middlesex County
34025	99	Monmouth County
34027	71	Morris County
34029	103	Ocean County
34031	174	Passaic County
34033	9	Salem County
34035	52	Somerset County
34037	13	Sussex County
34039	164	Union County
34041	14	Warren County
35001	45	Bernalillo County
35003	1	Catron County
35005	3	Chaves County
35006	3	Cibola County
35007	1	Colfax County
35009	4	Curry County
35011	0	De Baca County
35013	20	Dona Ana County
35015	3	Eddy County
35017	1	Grant County
35019	1	Guadalupe County
35021	1	Harding County
35023	1	Hidalgo County
35025	6	Lea County
35027	1	Lincoln County
35028	1	Los Alamos County
35029	2	Luna County
35031	40	McKinley County
35033	1	Mora County
35035	2	Otero County
35037	1	Quay County
35039	3	Rio Arriba County
35041	2	Roosevelt County
35043	11	Sandoval County
35045	30	San Juan County
35047	1	San Miguel County
35049	5	Santa Fe County
35051	1	Sierra County
35053	1	Socorro County
35055	1	Taos County
35057	1	Torrance County
35059	1	Union County
35061	4	Valencia County
36001	25	Albany County
36003	1	Allegany County
36005	494	Bronx County
36007	10	Broome County
36009	2	Cattaraugus County
36011	2	Cayuga County
36013	3	Chautauqua County
36015	2	Chemung County
36017	3	Chenango County
36019	2	Clinton County
36021	5	Columbia County
36023	1	Cortland County
36025	1	Delaware County
36027	45	Dutchess County
36029	84	Erie County
36031	1	Essex County
36033	1	Franklin County
36035	3	Fulton County
36037	3	Genesee County
36039	3	Greene County
36041	1	Hamilton County
36043	3	Herkimer County
36045	2	Jefferson County
36047	620	Kings County
36049	1	Lewis County
36051	2	Livingston County
36053	4	Madison County
36055	46	Monroe County
36057	2	Montgomery County
36059	430	Nassau County
36061	302	New York County
36063	15	Niagara County
36065	20	Oneida County
36067	34	Onondaga County
36069	4	Ontario County
36071	110	Orange County
36073	3	Orleans County
36075	3	Oswego County
36077	2	Otsego County
36079	15	Putnam County
36081	676	Queens County
36083	7	Rensselaer County
36085	147	Richmond County
36087	139	Rockland County
36089	3	St. Lawrence County
36091	7	Saratoga County
36093	10	Schenectady County
36095	1	Schoharie County
36097	1	Schuyler County
36099	1	Seneca County
36101	3	Steuben County
36103	429	Suffolk County
36105	15	Sullivan County
36107	2	Tioga County
36109	3	Tompkins County
36111	20	Ulster County
36113	3	Warren County
36115	3	Washington County
36117	3	Wayne County
36119	358	Westchester County
36121	2	Wyoming County
36123	1	Yates County
37001	20	Alamance County
37003	3	Alexander County
37005	1	Alleghany County
37007	3	Anson County
37009	1	Ashe County
37011	1	Avery County
37013	3	Beaufort County
37015	3	Bertie County
37017	6	Bladen County
37019	11	Brunswick County
37021	15	Buncombe County
37023	15	Burke County
37025	22	Cabarrus County
37027	10	Caldwell County
37029	1	Camden County
37031	3	Carteret County
37033	2	Caswell County
37035	18	Catawba County
37037	12	Chatham County
37039	2	Cherokee County
37041	1	Chowan County
37043	1	Clay County
37045	9	Cleveland County
37047	8	Columbus County
37049	6	Craven County
37051	24	Cumberland County
37053	1	Currituck County
37055	2	Dare County
37057	16	Davidson County
37059	3	Davie County
37061	19	Duplin County
37063	55	Durham County
37065	6	Edgecombe County
37067	46	Forsyth County
37069	7	Franklin County
37071	27	Gaston County
37073	1	Gates County
37075	1	Graham County
37077	12	Granville County
37079	3	Greene County
37081	47	Guilford County
37083	6	Halifax County
37085	11	Harnett County
37087	3	Haywood County
37089	13	Henderson County
37091	3	Hertford County
37093	7	Hoke County
37095	1	Hyde County
37097	16	Iredell County
37099	4	Jackson County
37101	27	Johnston County
37103	1	Jones County
37105	11	Lee County
37107	5	Lenoir County
37109	7	Lincoln County
37111	5	McDowell County
37113	5	Macon County
37115	1	Madison County
37117	3	Martin County
37119	193	Mecklenburg County
37121	1	Mitchell County
37123	6	Montgomery County
37125	9	Moore County
37127	9	Nash County
37129	21	New Hanover County
37131	3	Northampton County
37133	8	Onslow County
37135	12	Orange County
37137	1	Pamlico County
37139	3	Pasquotank County
37141	6	Pender County
37143	1	Perquimans County
37145	2	Person County
37147	15	Pitt County
37149	2	Polk County
37151	20	Randolph County
37153	5	Richmond County
37155	23	Robeson County
37157	5	Rockingham County
37159	19	Rowan County
37161	6	Rutherford County
37163	14	Sampson County
37165	3	Scotland County
37167	8	Stanly County
37169	3	Stokes County
37171	8	Surry County
37173	1	Swain County
37175	2	Transylvania County
37177	1	Tyrrell County
37179	26	Union County
37181	7	Vance County
37183	100	Wake County
37185	3	Warren County
37187	1	Washington County
37189	3	Watauga County
37191	23	Wayne County
37193	7	Wilkes County
37195	13	Wilson County
37197	5	Yadkin County
37199	1	Yancey County
38001	0	Adams County
38003	1	Barnes County
38005	1	Benson County
38007	1	Billings County
38009	1	Bottineau County
38011	1	Bowman County
38013	1	Burke County
38015	8	Burleigh County
38017	28	Cass County
38019	1	Cavalier County
38021	1	Dickey County
38023	1	Divide County
38025	1	Dunn County
38027	1	Eddy County
38029	1	Emmons County
38031	1	Foster County
38033	1	Golden Valley County
38035	6	Grand Forks County
38037	1	Grant County
38039	1	Griggs County
38041	1	Hettinger County
38043	1	Kidder County
38045	1	LaMoure County
38047	1	Logan County
38049	1	McHenry County
38051	1	McIntosh County
38053	1	McKenzie County
38055	1	McLean County
38057	1	Mercer County
38059	3	Morton County
38061	2	Mountrail County
38063	1	Nelson County
38065	1	Oliver County
38067	1	Pembina County
38069	1	Pierce County
38071	1	Ramsey County
38073	1	Ransom County
38075	1	Renville County
38077	1	Richland County
38079	1	Rolette County
38081	1	Sargent County
38083	1	Sheridan County
38085	1	Sioux County
38087	1	Slope County
38089	2	Stark County
38091	1	Steele County
38093	1	Stutsman County
38095	1	Towner County
38097	1	Traill County
38099	1	Walsh County
38101	2	Ward County
38103	1	Wells County
38105	2	Williams County
39001	1	Adams County
39003	6	Allen County
39005	2	Ashland County
39007	6	Ashtabula County
39009	4	Athens County
39011	2	Auglaize County
39013	6	Belmont County
39015	1	Brown County
39017	25	Butler County
39019	1	Carroll County
39021	1	Champaign County
39023	10	Clark County
39025	8	Clermont County
39027	2	Clinton County
39029	15	Columbiana County
39031	2	Coshocton County
39033	2	Crawford County
39035	117	Cuyahoga County
39037	3	Darke County
39039	2	Defiance County
39041	11	Delaware County
39043	5	Erie County
39045	11	Fairfield County
39047	1	Fayette County
39049	157	Franklin County
39051	2	Fulton County
39053	1	Gallia County
39055	6	Geauga County
39057	6	Greene County
39059	1	Guernsey County
39061	85	Hamilton County
39063	3	Hancock County
39065	2	Hardin County
39067	1	Harrison County
39069	1	Henry County
39071	1	Highland County
39073	2	Hocking County
39075	4	Holmes County
39077	4	Huron County
39079	1	Jackson County
39081	2	Jefferson County
39083	2	Knox County
39085	10	Lake County
39087	2	Lawrence County
39089	10	Licking County
39091	2	Logan County
39093	15	Lorain County
39095	41	Lucas County
39097	3	Madison County
39099	23	Mahoning County
39101	29	Marion County
39103	8	Medina County
39105	1	Meigs County
39107	5	Mercer County
39109	7	Miami County
39111	1	Monroe County
39113	36	Montgomery County
39115	1	Morgan County
39117	2	Morrow County
39119	2	Muskingum County
39121	1	Noble County
39123	4	Ottawa County
39125	1	Paulding County
39127	1	Perry County
39129	24	Pickaway County
39131	1	Pike County
39133	7	Portage County
39135	2	Preble County
39137	2	Putnam County
39139	5	Richland County
39141	3	Ross County
39143	3	Sandusky County
39145	2	Scioto County
39147	2	Seneca County
39149	2	Shelby County
39151	16	Stark County
39153	30	Summit County
39155	13	Trumbull County
39157	8	Tuscarawas County
39159	2	Union County
39161	1	Van Wert County
39163	1	Vinton County
39165	14	Warren County
39167	2	Washington County
39169	5	Wayne County
39171	2	Williams County
39173	8	Wood County
39175	1	Wyandot County
40001	3	Adair County
40003	1	Alfalfa County
40005	1	Atoka County
40007	1	Beaver County
40009	1	Beckham County
40011	1	Blaine County
40013	4	Bryan County
40015	3	Caddo County
40017	9	Canadian County
40019	3	Carter County
40021	3	Cherokee County
40023	2	Choctaw County
40025	1	Cimarron County
40027	22	Cleveland County
40029	1	Coal County
40031	7	Comanche County
40033	1	Cotton County
40035	1	Craig County
40037	4	Creek County
40039	2	Custer County
40041	4	Delaware County
40043	1	Dewey County
40045	1	Ellis County
40047	3	Garfield County
40049	2	Garvin County
40051	4	Grady County
40053	1	Grant County
40055	1	Greer County
40057	1	Harmon County
40059	1	Harper County
40061	1	Haskell County
40063	1	Hughes County
40065	4	Jackson County
40067	1	Jefferson County
40069	1	Johnston County
40071	2	Kay County
40073	1	Kingfisher County
40075	1	Kiowa County
40077	1	Latimer County
40079	2	Le Flore County
40081	1	Lincoln County
40083	2	Logan County
40085	1	Love County
40087	4	McClain County
40089	8	McCurtain County
40091	2	McIntosh County
40093	1	Major County
40095	1	Marshall County
40097	3	Mayes County
40099	1	Murray County
40101	4	Muskogee County
40103	1	Noble County
40105	1	Nowata County
40107	1	Okfuskee County
40109	77	Oklahoma County
40111	4	Okmulgee County
40113	4	Osage County
40115	3	Ottawa County
40117	2	Pawnee County
40119	7	Payne County
40121	2	Pittsburg County
40123	2	Pontotoc County
40125	3	Pottawatomie County
40127	1	Pushmataha County
40129	1	Roger Mills County
40131	7	Rogers County
40133	2	Seminole County
40135	2	Sequoyah County
40137	2	Stephens County
40139	11	Texas County
40141	1	Tillman County
40143	76	Tulsa County
40145	6	Wagoner County
40147	6	Washington County
40149	1	Washita County
40151	1	Woods County
40153	1	Woodward County
41001	1	Baker County
41003	2	Benton County
41005	13	Clackamas County
41007	1	Clatsop County
41009	1	Columbia County
41011	1	Coos County
41013	1	Crook County
41015	1	Curry County
41017	5	Deschutes County
41019	2	Douglas County
41021	1	Gilliam County
41023	1	Grant County
41025	1	Harney County
41027	2	Hood River County
41029	3	Jackson County
41031	3	Jefferson County
41033	1	Josephine County
41035	2	Klamath County
41037	1	Lake County
41039	5	Lane County
41041	4	Lincoln County
41043	3	Linn County
41045	6	Malheur County
41047	25	Marion County
41049	3	Morrow County
41051	40	Multnomah County
41053	3	Polk County
41055	1	Sherman County
41057	1	Tillamook County
41059	17	Umatilla County
41061	4	Union County
41063	1	Wallowa County
41065	2	Wasco County
41067	25	Washington County
41069	0	Wheeler County
41071	3	Yamhill County
42001	5	Adams County
42003	73	Allegheny County
42005	2	Armstrong County
42007	12	Beaver County
42009	2	Bedford County
42011	51	Berks County
42013	2	Blair County
42015	1	Bradford County
42017	67	Bucks County
42019	6	Butler County
42021	3	Cambria County
42023	1	Cameron County
42025	4	Carbon County
42027	4	Centre County
42029	47	Chester County
42031	1	Clarion County
42033	2	Clearfield County
42035	2	Clinton County
42037	5	Columbia County
42039	2	Crawford County
42041	12	Cumberland County
42043	26	Dauphin County
42045	83	Delaware County
42047	1	Elk County
42049	9	Erie County
42051	4	Fayette County
42053	1	Forest County
42055	12	Franklin County
42057	1	Fulton County
42059	1	Greene County
42061	3	Huntingdon County
42063	3	Indiana County
42065	1	Jefferson County
42067	2	Juniata County
42069	19	Lackawanna County
42071	54	Lancaster County
42073	3	Lawrence County
42075	16	Lebanon County
42077	47	Lehigh County
42079	32	Luzerne County
42081	3	Lycoming County
42083	1	McKean County
42085	3	Mercer County
42087	1	Mifflin County
42089	16	Monroe County
42091	95	Montgomery County
42093	1	Montour County
42095	38	Northampton County
42097	4	Northumberland County
42099	2	Perry County
42101	250	Philadelphia County
42103	6	Pike County
42105	1	Potter County
42107	9	Schuylkill County
42109	1	Snyder County
42111	2	Somerset County
42113	1	Sullivan County
42115	3	Susquehanna County
42117	1	Tioga County
42119	2	Union County
42121	1	Venango County
42123	1	Warren County
42125	7	Washington County
42127	2	Wayne County
42129	14	Westmoreland County
42131	1	Wyoming County
42133	22	York County
44001	3	Bristol County
44003	14	Kent County
44005	4	Newport County
44007	141	Providence County
44009	6	Washington County
45001	3	Abbeville County
45003	13	Aiken County
45005	2	Allendale County
45007	17	Anderson County
45009	4	Bamberg County
45011	3	Barnwell County
45013	30	Beaufort County
45015	35	Berkeley County
45017	3	Calhoun County
45019	107	Charleston County
45021	5	Cherokee County
45023	5	Chester County
45025	7	Chesterfield County
45027	7	Clarendon County
45029	7	Colleton County
45031	9	Darlington County
45033	5	Dillon County
45035	25	Dorchester County
45037	3	Edgefield County
45039	5	Fairfield County
45041	25	Florence County
45043	11	Georgetown County
45045	94	Greenville County
45047	12	Greenwood County
45049	3	Hampton County
45051	75	Horry County
45053	5	Jasper County
45055	12	Kershaw County
45057	10	Lancaster County
45059	12	Laurens County
45061	5	Lee County
45063	42	Lexington County
45065	1	McCormick County
45067	5	Marion County
45069	4	Marlboro County
45071	7	Newberry County
45073	7	Oconee County
45075	19	Orangeburg County
45077	16	Pickens County
45079	69	Richland County
45081	4	Saluda County
45083	35	Spartanburg County
45085	21	Sumter County
45087	3	Union County
45089	8	Williamsburg County
45091	29	York County
46003	1	Aurora County
46005	6	Beadle County
46007	1	Bennett County
46009	1	Bon Homme County
46011	2	Brookings County
46013	4	Brown County
46015	1	Brule County
46017	2	Buffalo County
46019	1	Butte County
46021	1	Campbell County
46023	1	Charles Mix County
46025	1	Clark County
46027	2	Clay County
46029	2	Codington County
46031	1	Corson County
46033	1	Custer County
46035	1	Davison County
46037	1	Day County
46039	1	Deuel County
46041	1	Dewey County
46043	1	Douglas County
46045	1	Edmunds County
46047	1	Fall River County
46049	1	Faulk County
46051	1	Grant County
46053	1	Gregory County
46055	1	Haakon County
46057	1	Hamlin County
46059	1	Hand County
46061	1	Hanson County
46063	0	Harding County
46065	1	Hughes County
46067	1	Hutchinson County
46069	1	Hyde County
46071	1	Jackson County
46073	1	Jerauld County
46075	1	Jones County
46077	1	Kingsbury County
46079	1	Lake County
46081	1	Lawrence County
46083	5	Lincoln County
46085	1	Lyman County
46087	1	McCook County
46089	1	McPherson County
46091	1	Marshall County
46093	1	Meade County
46095	1	Mellette County
46097	1	Miner County
46099	41	Minnehaha County
46101	1	Moody County
46102	2	Oglala Lakota County
46103	8	Pennington County
46105	1	Perkins County
46107	1	Potter County
46109	1	Roberts County
46111	1	Sanborn County
46115	1	Spink County
46117	1	Stanley County
46119	1	Sully County
46121	1	Todd County
46123	1	Tripp County
46125	1	Turner County
46127	2	Union County
46129	1	Walworth County
46135	1	Yankton County
46137	1	Ziebach County
47001	5	Anderson County
47003	8	Bedford County
47005	1	Benton County
47007	7	Bledsoe County
47009	8	Blount County
47011	15	Bradley County
47013	2	Campbell County
47015	1	Cannon County
47017	2	Carroll County
47019	4	Carter County
47021	5	Cheatham County
47023	2	Chester County
47025	2	Claiborne County
47027	1	Clay County
47029	3	Cocke County
47031	3	Coffee County
47033	2	Crockett County
47035	3	Cumberland County
47037	179	Davidson County
47039	1	Decatur County
47041	3	DeKalb County
47043	5	Dickson County
47045	5	Dyer County
47047	6	Fayette County
47049	1	Fentress County
47051	3	Franklin County
47053	5	Gibson County
47055	3	Giles County
47057	2	Grainger County
47059	3	Greene County
47061	1	Grundy County
47063	9	Hamblen County
47065	51	Hamilton County
47067	1	Hancock County
47069	7	Hardeman County
47071	3	Hardin County
47073	3	Hawkins County
47075	3	Haywood County
47077	4	Henderson County
47079	2	Henry County
47081	2	Hickman County
47083	1	Houston County
47085	1	Humphreys County
47087	1	Jackson County
47089	4	Jefferson County
47091	1	Johnson County
47093	31	Knox County
47095	8	Lake County
47097	4	Lauderdale County
47099	4	Lawrence County
47101	1	Lewis County
47103	2	Lincoln County
47105	6	Loudon County
47107	5	McMinn County
47109	3	McNairy County
47111	8	Macon County
47113	7	Madison County
47115	2	Marion County
47117	3	Marshall County
47119	9	Maury County
47121	1	Meigs County
47123	3	Monroe County
47125	15	Montgomery County
47127	1	Moore County
47129	1	Morgan County
47131	3	Obion County
47133	2	Overton County
47135	1	Perry County
47137	1	Pickett County
47139	2	Polk County
47141	14	Putnam County
47143	5	Rhea County
47145	3	Roane County
47147	13	Robertson County
47149	54	Rutherford County
47151	1	Scott County
47153	1	Sequatchie County
47155	14	Sevier County
47157	184	Shelby County
47159	3	Smith County
47161	1	Stewart County
47163	6	Sullivan County
47165	29	Sumner County
47167	10	Tipton County
47169	16	Trousdale County
47171	1	Unicoi County
47173	1	Union County
47175	1	Van Buren County
47177	3	Warren County
47179	7	Washington County
47181	2	Wayne County
47183	2	Weakley County
47185	2	White County
47187	29	Williamson County
47189	19	Wilson County
48001	22	Anderson County
48003	3	Andrews County
48005	15	Angelina County
48007	2	Aransas County
48009	1	Archer County
48011	1	Armstrong County
48013	4	Atascosa County
48015	2	Austin County
48017	2	Bailey County
48019	1	Bandera County
48021	12	Bastrop County
48023	1	Baylor County
48025	4	Bee County
48027	30	Bell County
48029	361	Bexar County
48031	1	Blanco County
48033	0	Borden County
48035	2	Bosque County
48037	7	Bowie County
48039	55	Brazoria County
48041	37	Brazos County
48043	2	Brewster County
48045	1	Briscoe County
48047	1	Brooks County
48049	4	Brown County
48051	3	Burleson County
48053	4	Burnet County
48055	10	Caldwell County
48057	4	Calhoun County
48059	1	Callahan County
48061	79	Cameron County
48063	2	Camp County
48065	1	Carson County
48067	2	Cass County
48069	2	Castro County
48071	9	Chambers County
48073	7	Cherokee County
48075	1	Childress County
48077	1	Clay County
48079	1	Cochran County
48081	1	Coke County
48083	1	Coleman County
48085	58	Collin County
48087	1	Collingsworth County
48089	3	Colorado County
48091	16	Comal County
48093	1	Comanche County
48095	1	Concho County
48097	2	Cooke County
48099	6	Coryell County
48101	1	Cottle County
48103	1	Crane County
48105	2	Crockett County
48107	1	Crosby County
48109	1	Culberson County
48111	2	Dallam County
48113	461	Dallas County
48115	2	Dawson County
48117	6	Deaf Smith County
48119	1	Delta County
48121	61	Denton County
48123	6	DeWitt County
48125	1	Dickens County
48127	1	Dimmit County
48129	1	Donley County
48131	2	Duval County
48133	1	Eastland County
48135	19	Ector County
48137	1	Edwards County
48139	23	Ellis County
48141	133	El Paso County
48143	4	Erath County
48145	2	Falls County
48147	2	Fannin County
48149	3	Fayette County
48151	1	Fisher County
48153	1	Floyd County
48155	1	Foard County
48157	66	Fort Bend County
48159	1	Franklin County
48161	2	Freestone County
48163	5	Frio County
48165	1	Gaines County
48167	81	Galveston County
48169	1	Garza County
48171	2	Gillespie County
48173	1	Glasscock County
48175	1	Goliad County
48177	6	Gonzales County
48179	2	Gray County
48181	10	Grayson County
48183	12	Gregg County
48185	8	Grimes County
48187	16	Guadalupe County
48189	11	Hale County
48191	1	Hall County
48193	1	Hamilton County
48195	1	Hansford County
48197	1	Hardeman County
48199	7	Hardin County
48201	642	Harris County
48203	6	Harrison County
48205	1	Hartley County
48207	1	Haskell County
48209	42	Hays County
48211	1	Hemphill County
48213	5	Henderson County
48215	152	Hidalgo County
48217	3	Hill County
48219	2	Hockley County
48221	4	Hood County
48223	2	Hopkins County
48225	3	Houston County
48227	2	Howard County
48229	1	Hudspeth County
48231	10	Hunt County
48233	2	Hutchinson County
48235	1	Irion County
48237	1	Jack County
48239	3	Jackson County
48241	3	Jasper County
48243	1	Jeff Davis County
48245	49	Jefferson County
48247	1	Jim Hogg County
48249	6	Jim Wells County
48251	13	Johnson County
48253	7	Jones County
48255	3	Karnes County
48257	15	Kaufman County
48259	2	Kendall County
48261	1	Kenedy County
48263	1	Kent County
48265	4	Kerr County
48267	1	Kimble County
48269	0	King County
48271	1	Kinney County
48273	4	Kleberg County
48275	1	Knox County
48277	6	Lamar County
48279	2	Lamb County
48281	1	Lampasas County
48283	4	La Salle County
48285	6	Lavaca County
48287	2	Lee County
48289	2	Leon County
48291	8	Liberty County
48293	2	Limestone County
48295	1	Lipscomb County
48297	2	Live Oak County
48299	1	Llano County
48301	0	Loving County
48303	51	Lubbock County
48305	1	Lynn County
48307	1	McCulloch County
48309	40	McLennan County
48311	1	McMullen County
48313	3	Madison County
48315	2	Marion County
48317	1	Martin County
48319	1	Mason County
48321	6	Matagorda County
48323	14	Maverick County
48325	6	Medina County
48327	1	Menard County
48329	14	Midland County
48331	3	Milam County
48333	1	Mills County
48335	1	Mitchell County
48337	1	Montague County
48339	56	Montgomery County
48341	10	Moore County
48343	1	Morris County
48345	1	Motley County
48347	9	Nacogdoches County
48349	7	Navarro County
48351	1	Newton County
48353	2	Nolan County
48355	82	Nueces County
48357	1	Ochiltree County
48359	1	Oldham County
48361	9	Orange County
48363	2	Palo Pinto County
48365	3	Panola County
48367	9	Parker County
48369	3	Parmer County
48371	2	Pecos County
48373	7	Polk County
48375	34	Potter County
48377	1	Presidio County
48379	1	Rains County
48381	15	Randall County
48383	1	Reagan County
48385	1	Real County
48387	2	Red River County
48389	2	Reeves County
48391	2	Refugio County
48393	1	Roberts County
48395	2	Robertson County
48397	7	Rockwall County
48399	1	Runnels County
48401	3	Rusk County
48403	1	Sabine County
48405	2	San Augustine County
48407	2	San Jacinto County
48409	7	San Patricio County
48411	1	San Saba County
48413	1	Schleicher County
48415	4	Scurry County
48417	1	Shackelford County
48419	4	Shelby County
48421	1	Sherman County
48423	22	Smith County
48425	1	Somervell County
48427	17	Starr County
48429	1	Stephens County
48431	0	Sterling County
48433	1	Stonewall County
48435	1	Sutton County
48437	1	Swisher County
48439	252	Tarrant County
48441	11	Taylor County
48443	1	Terrell County
48445	1	Terry County
48447	1	Throckmorton County
48449	11	Titus County
48451	15	Tom Green County
48453	195	Travis County
48455	2	Trinity County
48457	2	Tyler County
48459	2	Upshur County
48461	1	Upton County
48463	5	Uvalde County
48465	7	Val Verde County
48467	3	Van Zandt County
48469	29	Victoria County
48471	28	Walker County
48473	4	Waller County
48475	1	Ward County
48477	5	Washington County
48479	51	Webb County
48481	5	Wharton County
48483	1	Wheeler County
48485	9	Wichita County
48487	1	Wilbarger County
48489	6	Willacy County
48491	53	Williamson County
48493	5	Wilson County
48495	1	Winkler County
48497	3	Wise County
48499	3	Wood County
48501	1	Yoakum County
48503	2	Young County
48505	2	Zapata County
48507	2	Zavala County
49001	1	Beaver County
49003	3	Box Elder County
49005	18	Cache County
49007	1	Carbon County
49009	0	Daggett County
49011	27	Davis County
49013	1	Duchesne County
49015	1	Emery County
49017	1	Garfield County
49019	1	Grand County
49021	5	Iron County
49023	1	Juab County
49025	1	Kane County
49027	2	Millard County
49029	1	Morgan County
49031	1	Piute County
49033	1	Rich County
49035	181	Salt Lake County
49037	6	San Juan County
49039	1	Sanpete County
49041	1	Sevier County
49043	7	Summit County
49045	5	Tooele County
49047	1	Uintah County
49049	72	Utah County
49051	6	Wasatch County
49053	22	Washington County
49055	0	Wayne County
49057	24	Weber County
50001	1	Addison County
50003	1	Bennington County
50005	1	Caledonia County
50007	8	Chittenden County
50009	1	Essex County
50011	2	Franklin County
50013	1	Grand Isle County
50015	1	Lamoille County
50017	1	Orange County
50019	1	Orleans County
50021	1	Rutland County
50023	1	Washington County
50025	2	Windham County
50027	1	Windsor County
51001	11	Accomack County
51003	8	Albemarle County
51005	1	Alleghany County
51007	1	Amelia County
51009	1	Amherst County
51011	1	Appomattox County
51013	29	Arlington County
51015	3	Augusta County
51017	1	Bath County
51019	3	Bedford County
51021	1	Bland County
51023	2	Botetourt County
51025	2	Brunswick County
51027	1	Buchanan County
51029	6	Buckingham County
51031	2	Campbell County
51033	2	Caroline County
51035	3	Carroll County
51036	1	Charles City County
51037	1	Charlotte County
51041	38	Chesterfield County
51043	1	Clarke County
51045	1	Craig County
51047	10	Culpeper County
51049	1	Cumberland County
51051	1	Dickenson County
51053	2	Dinwiddie County
51057	1	Essex County
51059	155	Fairfax County
51061	6	Fauquier County
51063	1	Floyd County
51065	2	Fluvanna County
51067	2	Franklin County
51069	7	Frederick County
51071	1	Giles County
51073	2	Gloucester County
51075	2	Goochland County
51077	2	Grayson County
51079	2	Greene County
51081	5	Greensville County
51083	2	Halifax County
51085	6	Hanover County
51087	34	Henrico County
51089	5	Henry County
51091	1	Highland County
51093	4	Isle of Wight County
51095	6	James City County
51097	1	King and Queen County
51099	2	King George County
51101	1	King William County
51103	1	Lancaster County
51105	1	Lee County
51107	50	Loudoun County
51109	2	Louisa County
51111	1	Lunenburg County
51113	1	Madison County
51115	1	Matthews County
51117	3	Mecklenburg County
51119	1	Middlesex County
51121	3	Montgomery County
51125	1	Nelson County
51127	2	New Kent County
51131	3	Northampton County
51133	1	Northumberland County
51135	2	Nottoway County
51137	3	Orange County
51139	4	Page County
51141	1	Patrick County
51143	3	Pittsylvania County
51145	2	Powhatan County
51147	3	Prince Edward County
51149	4	Prince George County
51153	86	Prince William County
51155	1	Pulaski County
51157	1	Rappahannock County
51159	4	Richmond County
51161	5	Roanoke County
51163	1	Rockbridge County
51165	9	Rockingham County
51167	1	Russell County
51169	1	Scott County
51171	7	Shenandoah County
51173	1	Smyth County
51175	3	Southampton County
51177	13	Spotsylvania County
51179	13	Stafford County
51181	1	Surry County
51183	3	Sussex County
51185	1	Tazewell County
51187	4	Warren County
51191	2	Washington County
51193	2	Westmoreland County
51195	1	Wise County
51197	1	Wythe County
51199	3	York County
51510	28	Alexandria City
51520	1	Bristol city
51530	1	Buena Vista city
51540	5	Charlottesville City
51550	23	Chesapeake City
51570	2	Colonial Heights city
51580	1	Covington city
51590	3	Danville City
51595	2	Emporia city
51600	1	Fairfax city
51610	1	Falls Church city
51620	2	Franklin city
51630	4	Fredericksburg City
51640	4	Galax city
51650	10	Hampton city
51660	11	Harrisonburg City
51670	3	Hopewell city
51678	1	Lexington city
51680	4	Lynchburg city
51683	16	Manassas City
51685	5	Manassas Park city
51690	2	Martinsville city
51700	15	Newport News City
51710	28	Norfolk City
51720	1	Norton city
51730	5	Petersburg city
51735	1	Poquoson city
51740	13	Portsmouth City
51750	1	Radford city
51760	28	Richmond City
51770	8	Roanoke city
51775	2	Salem city
51790	2	Staunton city
51800	10	Suffolk City
51810	38	Virginia Beach City
51820	2	Waynesboro city
51830	2	Williamsburg City
51840	4	Winchester city
53001	4	Adams County
53003	1	Asotin County
53005	32	Benton County
53007	10	Chelan County
53009	1	Clallam County
53011	14	Clark County
53013	1	Columbia County
53015	4	Cowlitz County
53017	7	Douglas County
53019	1	Ferry County
53021	31	Franklin County
53023	1	Garfield County
53025	11	Grant County
53027	1	Grays Harbor County
53029	3	Island County
53031	1	Jefferson County
53033	145	King County
53035	6	Kitsap County
53037	4	Kittitas County
53039	1	Klickitat County
53041	2	Lewis County
53043	1	Lincoln County
53045	2	Mason County
53047	7	Okanogan County
53049	1	Pacific County
53051	1	Pend Oreille County
53053	45	Pierce County
53055	1	San Juan County
53057	8	Skagit County
53059	1	Skamania County
53061	48	Snohomish County
53063	33	Spokane County
53065	1	Stevens County
53067	6	Thurston County
53069	1	Wahkiakum County
53071	4	Walla Walla County
53073	9	Whatcom County
53075	1	Whitman County
53077	97	Yakima County
54001	1	Barbour County
54003	7	Berkeley County
54005	1	Boone County
54007	1	Braxton County
54009	1	Brooke County
54011	3	Cabell County
54013	1	Calhoun County
54015	1	Clay County
54017	1	Doddridge County
54019	2	Fayette County
54021	1	Gilmer County
54023	1	Grant County
54025	1	Greenbrier County
54027	1	Hampshire County
54029	1	Hancock County
54031	1	Hardy County
54033	2	Harrison County
54035	2	Jackson County
54037	3	Jefferson County
54039	7	Kanawha County
54041	1	Lewis County
54043	1	Lincoln County
54045	1	Logan County
54047	1	McDowell County
54049	2	Marion County
54051	1	Marshall County
54053	1	Mason County
54055	1	Mercer County
54057	1	Mineral County
54059	1	Mingo County
54061	9	Monongalia County
54063	1	Monroe County
54065	1	Morgan County
54067	1	Nicholas County
54069	3	Ohio County
54071	1	Pendleton County
54073	1	Pleasants County
54075	1	Pocahontas County
54077	2	Preston County
54079	2	Putnam County
54081	2	Raleigh County
54083	3	Randolph County
54085	1	Ritchie County
54087	1	Roane County
54089	1	Summers County
54091	1	Taylor County
54093	1	Tucker County
54095	1	Tyler County
54097	1	Upshur County
54099	2	Wayne County
54101	1	Webster County
54103	1	Wetzel County
54105	1	Wirt County
54107	3	Wood County
54109	1	Wyoming County
55001	1	Adams County
55003	1	Ashland County
55005	2	Barron County
55007	1	Bayfield County
55009	38	Brown County
55011	1	Buffalo County
55013	1	Burnett County
55015	3	Calumet County
55017	2	Chippewa County
55019	2	Clark County
55021	2	Columbia County
55023	1	Crawford County
55025	39	Dane County
55027	7	Dodge County
55029	1	Door County
55031	1	Douglas County
55033	1	Dunn County
55035	5	Eau Claire County
55037	1	Florence County
55039	5	Fond du Lac County
55041	1	Forest County
55043	3	Grant County
55045	2	Green County
55047	1	Green Lake County
55049	1	Iowa County
55051	1	Iron County
55053	1	Jackson County
55055	6	Jefferson County
55057	2	Juneau County
55059	23	Kenosha County
55061	1	Kewaunee County
55063	8	La Crosse County
55065	1	Lafayette County
55067	1	Langlade County
55069	1	Lincoln County
55071	3	Manitowoc County
55073	5	Marathon County
55075	3	Marinette County
55077	1	Marquette County
55078	1	Menominee County
55079	182	Milwaukee County
55081	2	Monroe County
55083	2	Oconto County
55085	1	Oneida County
55087	10	Outagamie County
55089	5	Ozaukee County
55091	1	Pepin County
55093	2	Pierce County
55095	1	Polk County
55097	4	Portage County
55099	1	Price County
55101	30	Racine County
55103	1	Richland County
55105	13	Rock County
55107	1	Rusk County
55109	4	St. Croix County
55111	3	Sauk County
55113	1	Sawyer County
55115	2	Shawano County
55117	5	Sheboygan County
55119	1	Taylor County
55121	3	Trempealeau County
55123	1	Vernon County
55125	1	Vilas County
55127	11	Walworth County
55129	1	Washburn County
55131	7	Washington County
55133	31	Waukesha County
55135	4	Waupaca County
55137	1	Waushara County
55139	10	Winnebago County
55141	2	Wood County
56001	1	Albany County
56003	1	Big Horn County
56005	2	Campbell County
56007	1	Carbon County
56009	1	Converse County
56011	1	Crook County
56013	5	Fremont County
56015	1	Goshen County
56017	1	Hot Springs County
56019	1	Johnson County
56021	5	Laramie County
56023	1	Lincoln County
56025	2	Natrona County
56027	1	Niobrara County
56029	1	Park County
56031	1	Platte County
56033	1	Sheridan County
56035	1	Sublette County
56037	3	Sweetwater County
56039	3	Teton County
56041	3	Uinta County
56043	1	Washakie County
56045	1	Weston County
